{
  "project_info": {
    "project_number": "544548433520",
    "project_id": "pill-9a57d",
    "storage_bucket": "pill-9a57d.appspot.com"
  },
  "client": [
    {
      "client_info": {
        "mobilesdk_app_id": "1:544548433520:android:49faf1f46ea7c3dacfceb5",
        "android_client_info": {
          "package_name": "com.example.pill"
        }
      },
      "oauth_client": [
        {
          "client_id": "544548433520-dg130891qhh8kr8pqb6bh7cgut73s5i2.apps.googleusercontent.com",
          "client_type": 3
        }
      ],
      "api_key": [
        {
          "current_key": "AIzaSyBJWk7PE8RyBCXx-JtGTn1Ch_Mya7MPA0I"
        }
      ],
      "services": {
        "appinvite_service": {
          "other_platform_oauth_client": [
            {
              "client_id": "544548433520-dg130891qhh8kr8pqb6bh7cgut73s5i2.apps.googleusercontent.com",
              "client_type": 3
            }
          ]
        }
      }
    }
  ],
  "configuration_version": "1"
}